<?xml version="1.0" encoding="UTF-8"?> 
<java version="1.5.0_03" class="java.beans.XMLDecoder"> 
 <object class="com.plexus.sam.gui.config.ConfigurationPanel"> 
  <void id="ArrayList0" property="groupPanels"> 
   
   <void method="add">
    <object class="com.plexus.sam.gui.config.ConfigGroupPanel"> 
     <void property="groupname"> 
      <string>general</string> 
     </void> 
     <void property="widgets"> 
      <object class="java.util.ArrayList">

      <void method="add"> 
       <object class="com.plexus.sam.gui.config.FileWidget"> 
        <void property="descriptionKey"> 
         <string>general_repository_local</string> 
        </void> 
        <void property="group"> 
         <string>general</string> 
        </void> 
        <void property="key"> 
         <string>repository_local</string> 
        </void>    
       </object> 
      </void> 
      
      <void method="add"> 
       <object class="com.plexus.sam.gui.config.TextWidget"> 
        <void property="descriptionKey"> 
         <string>general_repository_remote</string> 
        </void> 
        <void property="group"> 
         <string>general</string> 
        </void> 
        <void property="key"> 
         <string>repository_remote</string> 
        </void> 
       </object> 
      </void> 

      <void method="add"> 
      <object class="com.plexus.sam.gui.config.TextWidget"> 
        <void property="descriptionKey"> 
         <string>general_remote_personal</string> 
        </void> 
        <void property="group"> 
         <string>general</string> 
        </void> 
        <void property="key"> 
         <string>repository_remote_personal</string> 
        </void> 
       </object> 
      </void> 
      
      <!-- currently only ftp is supported -->
      <void method="add"> 
       <object class="com.plexus.sam.gui.config.ChoiceWidget"> 
        <void property="descriptionKey"> 
         <string>general_filetransfer_class</string> 
        </void> 
        <void property="group"> 
         <string>general</string> 
        </void> 
        <void property="key"> 
         <string>filetransfer_class</string> 
        </void> 
        <void property="keyValueMap"> 
         <object class="java.util.HashMap"> 
          <void method="put"> 
		   <string>ftp</string> 
           <string>com.plexus.sam.net.FTPTransferModule</string> 
          </void> 
         </object> 
        </void> 
       </object> 
      </void> 
    -->
      
      </object>
      </void> <!-- widgets -->
      </object>
   </void> <!-- add Panel general -->
      
   <void method="add">
    <object class="com.plexus.sam.gui.config.ConfigGroupPanel"> 
     <void property="groupname"> 
      <string>ftp</string> 
     </void> 
   
     <void property="widgets"> 
      <object class="java.util.ArrayList">
      <void method="add"> 
       <object class="com.plexus.sam.gui.config.TextWidget"> 
        <void property="descriptionKey"> 
         <string>ftp_uid</string> 
        </void> 
        <void property="group"> 
         <string>ftp</string> 
        </void> 
        <void property="key"> 
         <string>user_id</string> 
        </void> 
       </object> 
      </void> 
   
      <void method="add"> 
       <object class="com.plexus.sam.gui.config.TextWidget"> 
        <void property="descriptionKey"> 
         <string>ftp_pwd</string> 
        </void> 
        <void property="group"> 
         <string>ftp</string> 
        </void> 
        <void property="key"> 
         <string>password</string> 
        </void> 
       </object> 
      </void> 
         
      <void method="add"> 
       <object class="com.plexus.sam.gui.config.TextWidget"> 
        <void property="descriptionKey"> 
         <string>ftp_hostname</string> 
        </void> 
        <void property="group"> 
         <string>ftp</string> 
        </void> 
        <void property="key"> 
         <string>hostname</string> 
        </void> 
       </object> 
      </void> 
      
      <void method="add"> 
       <object class="com.plexus.sam.gui.config.NumberWidget"> 
        <void property="descriptionKey"> 
         <string>ftp_control_port</string> 
        </void> 
        <void property="group"> 
         <string>ftp</string> 
        </void> 
        <void property="key"> 
         <string>control_port</string> 
        </void> 
       </object> 
      </void> 
   
      <void method="add"> 
       <object class="com.plexus.sam.gui.config.ChoiceWidget"> 
        <void property="descriptionKey"> 
         <string>ftp_connect_mode</string> 
        </void> 
        <void property="group"> 
         <string>ftp</string> 
        </void> 
        <void property="key"> 
         <string>connect_mode</string> 
        </void> 
        <void property="keyValueMap"> 
         <object class="java.util.HashMap"> 
          <void method="put"> 
           <string>ACTIVE</string> 
           <string>ACTIVE</string> 
          </void> 
          <void method="put"> 
           <string>PASSIVE</string> 
           <string>PASSIVE</string> 
          </void> 
         </object> 
        </void> 
       </object> 
      </void> 
      
      <void method="add"> 
       <object class="com.plexus.sam.gui.config.ChoiceWidget"> 
        <void property="descriptionKey"> 
         <string>ftp_server_type</string> 
        </void> 
        <void property="group"> 
         <string>ftp</string> 
        </void> 
        <void property="key"> 
         <string>server_type</string> 
        </void> 
        <void property="keyValueMap"> 
         <object class="java.util.HashMap"> 
          <void method="put"> 
           <string>UNIX</string> 
           <string>UNIX</string> 
          </void> 
          <void method="put"> 
           <string>WIN</string> 
           <string>WIN</string> 
          </void> 
         </object> 
        </void> 
       </object> 
      </void> 
      
       <void method="add"> 
       <object class="com.plexus.sam.gui.config.ChoiceWidget"> 
        <void property="descriptionKey"> 
         <string>ftp_transfer_type</string> 
        </void> 
        <void property="group"> 
         <string>ftp</string> 
        </void> 
        <void property="key"> 
         <string>transfer_type</string> 
        </void> 
        <void property="keyValueMap"> 
         <object class="java.util.HashMap"> 
          <void method="put"> 
           <string>BINARY</string> 
           <string>BINARY</string> 
          </void> 
          <void method="put"> 
           <string>ASCII</string> 
           <string>ASCII</string> 
          </void> 
         </object> 
        </void> 
       </object> 
      </void> 
      
      <void method="add"> 
       <object class="com.plexus.sam.gui.config.TextWidget"> 
        <void property="descriptionKey"> 
         <string>ftp_server_locale</string> 
        </void> 
        <void property="group"> 
         <string>ftp</string> 
        </void> 
        <void property="key"> 
         <string>server_locale</string> 
        </void> 
       </object> 
      </void> 
      
      </object>
     </void> 
    </object> 
   </void> <!-- add Panel ftp -->
   <!-- language support not ready yet
   <void method="add">  
    <object class="com.plexus.sam.gui.config.ConfigGroupPanel"> 
     <void property="groupname"> 
      <string>locale</string> 
     </void> 
     <void property="widgets"> 
      <object class="java.util.ArrayList">
      
      <void method="add"> 
       <object class="com.plexus.sam.gui.config.ChoiceWidget"> 
        <void property="descriptionKey"> 
         <string>locale_local</string> 
        </void> 
        <void property="group"> 
         <string>i18n</string> 
        </void> 
        <void property="key"> 
         <string>set_locale</string> 
        </void> 
        <void property="keyValueMap"> 
         <object class="java.util.HashMap"> 
          <void method="put"> 
           <string>true</string> 
           <string>true</string> 
          </void> 
          <void method="put"> 
           <string>false</string> 
           <string>false</string> 
          </void> 
         </object> 
        </void> 
       </object> 
      </void> 
      
      <void method="add"> 
       <object class="com.plexus.sam.gui.config.ChoiceWidget"> 
        <void property="descriptionKey"> 
         <string>locale_language_code</string> 
        </void> 
        <void property="group"> 
         <string>i18n</string> 
        </void> 
        <void property="key"> 
         <string>language_code</string> 
        </void> 
        <void property="keyValueMap"> 
         <object class="java.util.HashMap"> 
          <void method="put"> 
           <string>nl</string> 
           <string>nl</string> 
          </void> 
          <void method="put"> 
           <string>en</string> 
           <string>en</string> 
          </void> 
         </object> 
        </void> 
       </object> 
      </void> 
      
      </object>
     </void> 
    </object> 
   </void>  add Panel i18n 
   -->
   <void method="add">
    <object class="com.plexus.sam.gui.config.ConfigGroupPanel"> 
     <void property="groupname"> 
      <string>audio</string> 
     </void> 
     <void property="widgets"> 
      <object class="java.util.ArrayList">
      
      <void method="add"> 
       <object class="com.plexus.sam.gui.config.NumberWidget"> 
        <void property="descriptionKey"> 
         <string>audio_overlap_ms</string> 
        </void> 
        <void property="group"> 
         <string>audio</string> 
        </void> 
        <void property="key"> 
         <string>overlap_ms</string> 
        </void> 
       </object> 
      </void> 
   
      <void method="add"> 
       <object class="com.plexus.sam.gui.config.ChoiceWidget"> 
        <void property="descriptionKey"> 
         <string>audio_do_overlap</string> 
        </void> 
        <void property="group"> 
         <string>audio</string> 
        </void> 
        <void property="key"> 
         <string>do_overlap</string> 
        </void> 
        <void property="keyValueMap"> 
         <object class="java.util.HashMap"> 
          <void method="put"> 
           <string>yes</string> 
           <string>true</string> 
          </void> 
          <void method="put"> 
           <string>no</string> 
           <string>false</string> 
          </void> 
         </object> 
        </void> 
       </object> 
      </void> 
      
      
      </object> <!-- Arraylist -->
     </void> <!-- property widgets -->
    </object> <!-- ConfigGroupPanel -->
   </void> <!-- add Panel audio -->

   <void method="add">
    <object class="com.plexus.sam.gui.config.ConfigGroupPanel"> 
     <void property="groupname"> 
      <string>comm</string> 
     </void> 
     <void property="widgets"> 
      <object class="java.util.ArrayList">

      <void method="add">
      	<object class="com.plexus.sam.gui.config.SerialPortChoiceWidget">
      	<void property="descriptionKey"> 
         <string>comm_serial_port</string> 
        </void> 
        <void property="group"> 
         <string>comm</string> 
        </void> 
        <void property="key"> 
         <string>serialport</string> 
        </void> 
        <void method="fillComboBox"/>
      	</object>
      </void>

      <void method="add"> 
       <object class="com.plexus.sam.gui.config.NumberWidget"> 
        <void property="descriptionKey"> 
         <string>comm_baud_rate</string> 
        </void> 
        <void property="group"> 
         <string>comm</string> 
        </void> 
        <void property="key"> 
         <string>baudRate</string> 
        </void> 
       </object> 
      </void> 

	  <void method="add"> 
       <object class="com.plexus.sam.gui.config.NumberWidget"> 
        <void property="descriptionKey"> 
         <string>comm_timeout_ms</string> 
        </void> 
        <void property="group"> 
         <string>comm</string> 
        </void> 
        <void property="key"> 
         <string>timeoutms</string> 
        </void> 
       </object> 
      </void> 

      <void method="add"> 
       <object class="com.plexus.sam.gui.config.ChoiceWidget"> 
        <void property="descriptionKey"> 
         <string>comm_databits</string> 
        </void> 
        <void property="group"> 
         <string>comm</string> 
        </void> 
        <void property="key"> 
         <string>databits</string> 
        </void> 
        <void property="keyValueMap"> 
         <object class="java.util.HashMap"> 
          <void method="put"> 
           <string>5</string> 
           <string>5</string> 
          </void> 
          <void method="put"> 
           <string>6</string> 
           <string>6</string> 
          </void> 
          <void method="put"> 
           <string>7</string> 
           <string>7</string> 
          </void> 
          <void method="put"> 
           <string>8</string> 
           <string>8</string> 
          </void> 
         </object> 
        </void> 
       </object> 
      </void> 

      <void method="add"> 
       <object class="com.plexus.sam.gui.config.ChoiceWidget"> 
        <void property="descriptionKey"> 
         <string>comm_stopbits</string> 
        </void> 
        <void property="group"> 
         <string>comm</string> 
        </void> 
        <void property="key"> 
         <string>stopbits</string> 
        </void> 
        <void property="keyValueMap"> 
         <object class="java.util.HashMap"> 
          <void method="put"> 
           <string>1</string> 
           <string>1</string> 
          </void> 
          <void method="put"> 
           <string>2</string> 
           <string>2</string> 
          </void> 
          <void method="put"> 
           <string>3</string> 
           <string>3</string> 
          </void> 
         </object> 
        </void> 
       </object>
	  </void>
	  
      <void method="add"> 
       <object class="com.plexus.sam.gui.config.ChoiceWidget"> 
        <void property="descriptionKey"> 
         <string>comm_parity</string> 
        </void> 
        <void property="group"> 
         <string>comm</string> 
        </void> 
        <void property="key"> 
         <string>parity</string> 
        </void> 
        <void property="keyValueMap"> 
         <object class="java.util.HashMap"> 
          <void method="put"> 
           <string>NONE</string> 
           <string>0</string> 
          </void> 
          <void method="put"> 
           <string>ODD</string> 
           <string>1</string> 
          </void> 
          <void method="put"> 
           <string>EVEN</string> 
           <string>2</string> 
          </void> 
          <void method="put"> 
           <string>MARK</string> 
           <string>3</string> 
          </void> 
          <void method="put"> 
           <string>SPACE</string> 
           <string>4</string> 
          </void> 
         </object> 
        </void> 
       </object>
	  </void>
	  
      <void method="add"> 
       <object class="com.plexus.sam.gui.config.ChoiceWidget"> 
        <void property="descriptionKey"> 
         <string>comm_flowcontrol</string> 
        </void> 
        <void property="group"> 
         <string>comm</string> 
        </void> 
        <void property="key"> 
         <string>flowcontrol</string> 
        </void> 
        <void property="keyValueMap"> 
         <object class="java.util.HashMap"> 
          <void method="put"> 
           <string>NONE</string> 
           <string>0</string> 
          </void> 
          <void method="put"> 
           <string>RTSCTS</string> 
           <string>1</string> 
          </void> 
          <void method="put"> 
           <string>XONXOFF</string> 
           <string>4</string> 
          </void> 
          <void method="put"> 
           <string>RTSCTSXONXOFF</string> 
           <string>5</string> 
          </void> 
         </object> 
        </void> 
       </object>
	  </void>
	  
      </object> <!-- Arraylist -->
     </void> <!-- property widgets -->
    </object> <!-- ConfigGroupPanel -->
   </void> <!-- add serial port audio -->



   <void method="add"> <!-- Triggers -->
    <object class="com.plexus.sam.gui.config.ConfigGroupPanel"> 
     <void property="groupname"> 
      <string>triggers</string> 
     </void> 
     <void property="widgets"> 
      <object class="java.util.ArrayList">


      <void method="add"> 
       <object class="com.plexus.sam.gui.config.SliderWidget"> 
        <void property="descriptionKey"> 
         <string>triggers_volume</string> 
        </void> 
        <void property="group"> 
         <string>triggers</string> 
        </void> 
        <void property="key"> 
         <string>volume</string> 
        </void> 
        <void property="minimum">
         <int>0</int>
        </void>
        <void property="maximum">
         <int>1000</int>
	    </void>
	   </object>
	  </void>  

      <void method="add"> 
       <object class="com.plexus.sam.gui.config.SliderWidget"> 
        <void property="descriptionKey"> 
         <string>triggers_fadeout_volume</string> 
        </void> 
        <void property="group"> 
         <string>triggers</string> 
        </void> 
        <void property="key"> 
         <string>fadeout_volume</string> 
        </void> 
        <void property="minimum">
         <int>0</int>
        </void>
        <void property="maximum">
         <int>1000</int>
	    </void>
	   </object>
	  </void>  



      <void method="add"> 
       <object class="com.plexus.sam.gui.config.NumberWidget"> 
        <void property="descriptionKey"> 
         <string>triggers_fadeout_millis</string> 
        </void> 
        <void property="group"> 
         <string>triggers</string> 
        </void> 
        <void property="key"> 
         <string>fadeout_millis</string> 
        </void> 
       </object> 
      </void> 



      </object> <!-- Arraylist -->
     </void> <!-- property widgets -->
    </object> <!-- ConfigGroupPanel -->
   </void> <!-- Triggers -->

      
  </void> <!-- property groupPanels-->
  
  <void property="groupPanels"> 
   <object idref="ArrayList0"/> 
  </void> 
 </object> 
</java> 
